{"cameraMode":{"drawMode":0,"name":"Shaded","section":"Shading Mode"},"sceneLighting":true,"audioPlay":false,"sceneViewState":{"showFog":false,"showMaterialUpdate":false,"showSkybox":false,"showFlares":false,"showImageEffects":false,"showParticleSystems":false},"in2DMode":false,"pivot":{"x":3.8925981521606447,"y":-2.148866653442383,"z":-3.2747466564178469},"rotation":{"x":0.17159545421600343,"y":-0.8118177652359009,"z":0.2934049963951111,"w":0.4747847318649292},"size":13.852089881896973,"orthographic":false}